n,clusters,number_of_clusters,does_span,clusters_area,total_cluster_area,occupation_prob
1,"[[[1], [0, 2, 4]]]",1,False,[0.4139228060963152],0.4139228060963152,0.14285714285714285
2,"[[[0, 1], [2, 3, 4]]]",1,True,[0.5578402467341362],0.5578402467341362,0.2857142857142857
3,"[[[0, 1, 3], [2, 4, 6]]]",1,True,[0.6719132280502396],0.6719132280502396,0.42857142857142855
4,"[[[0, 1, 3, 6], [2, 4, 5]]]",1,True,[0.675375539831816],0.675375539831816,0.5714285714285714
5,"[[[0, 1, 3, 4, 6], [2, 5]]]",1,True,[0.85777805175343],0.85777805175343,0.7142857142857143
6,"[[[0, 1, 3, 4, 5, 6], [2]]]",1,True,[0.9954114752810113],0.9954114752810113,0.8571428571428571
7,"[[[0, 1, 2, 3, 4, 5, 6], []]]",1,True,[1.0],1.0,1.0
